{
  "accuracy": 0.4872,
  "f1_weighted": 0.4587,
  "f1_macro": 0.3975,
  "classes": [
    "Arts",
    "Business",
    "Humanities",
    "Medical",
    "STEM"
  ],
  "confusion_matrix": [
    [
      0,
      232,
      480,
      137,
      277
    ],
    [
      0,
      1368,
      295,
      302,
      569
    ],
    [
      0,
      344,
      992,
      230,
      391
    ],
    [
      0,
      257,
      150,
      582,
      323
    ],
    [
      0,
      460,
      374,
      307,
      1930
    ]
  ],
  "report": {
    "Arts": {
      "precision": 0.0,
      "recall": 0.0,
      "f1-score": 0.0,
      "support": 1126.0
    },
    "Business": {
      "precision": 0.5140924464487034,
      "recall": 0.5398579321231255,
      "f1-score": 0.526660250240616,
      "support": 2534.0
    },
    "Humanities": {
      "precision": 0.43299869052815365,
      "recall": 0.5068983137455289,
      "f1-score": 0.4670433145009416,
      "support": 1957.0
    },
    "Medical": {
      "precision": 0.3735558408215661,
      "recall": 0.44359756097560976,
      "f1-score": 0.40557491289198605,
      "support": 1312.0
    },
    "STEM": {
      "precision": 0.5530085959885387,
      "recall": 0.6284597850862911,
      "f1-score": 0.5883249504648682,
      "support": 3071.0
    },
    "accuracy": 0.4872,
    "macro avg": {
      "precision": 0.37473111475739235,
      "recall": 0.423762718386111,
      "f1-score": 0.39752068561968235,
      "support": 10000.0
    },
    "weighted avg": {
      "precision": 0.43384833581033083,
      "recall": 0.4872,
      "f1-score": 0.45874210491799605,
      "support": 10000.0
    }
  }
}